d_estado,d_ciudad,concatenadociudadestado
Ciudad de México,Ciudad de México,"Ciudad de México,Ciudad de México"
Guanajuato,Abasolo,"Abasolo,Guanajuato"
Chiapas,Acala,"Acala,Chiapas"
Guanajuato,Acámbaro,"Acámbaro,Guanajuato"
Nayarit,Acaponeta,"Acaponeta,Nayarit"
Guerrero,Acapulco de Juárez,"Acapulco de Juárez,Guerrero"
Jalisco,Acatlán de Juárez,"Acatlán de Juárez,Jalisco"
Puebla,Acatlán de Osorio,"Acatlán de Osorio,Puebla"
Veracruz de Ignacio de la Llave,Acayucan,"Acayucan,Veracruz de Ignacio de la Llave"
Hidalgo,Actopan,"Actopan,Hidalgo"
Veracruz de Ignacio de la Llave,Agua Dulce,"Agua Dulce,Veracruz de Ignacio de la Llave"
Sonora,Agua Prieta,"Agua Prieta,Sonora"
Aguascalientes,Aguascalientes,"Aguascalientes,Aguascalientes"
Sinaloa,Ahome,"Ahome,Sinaloa"
Nayarit,Ahuacatlán,"Ahuacatlán,Nayarit"
Jalisco,Ahualulco de Mercado,"Ahualulco de Mercado,Jalisco"
Jalisco,Ajijic,"Ajijic,Jalisco"
Veracruz de Ignacio de la Llave,Álamo,"Álamo,Veracruz de Ignacio de la Llave"
Coahuila de Zaragoza,Allende,"Allende,Coahuila de Zaragoza"
México,Almoloya de Juárez,"Almoloya de Juárez,México"
Tamaulipas,Altamira,"Altamira,Tamaulipas"
Veracruz de Ignacio de la Llave,Altotonga,"Altotonga,Veracruz de Ignacio de la Llave"
Veracruz de Ignacio de la Llave,Alvarado,"Alvarado,Veracruz de Ignacio de la Llave"
México,Amatepec,"Amatepec,México"
Jalisco,Ameca,"Ameca,Jalisco"
Puebla,Amozoc,"Amozoc,Puebla"
Nuevo León,Anáhuac,"Anáhuac,Nuevo León"
Veracruz de Ignacio de la Llave,Ángel R. Cabada,"Ángel R. Cabada,Veracruz de Ignacio de la Llave"
Sinaloa,Angostura,"Angostura,Sinaloa"
Hidalgo,Apan,"Apan,Hidalgo"
Guanajuato,Apaseo el Alto,"Apaseo el Alto,Guanajuato"
Guanajuato,Apaseo el Grande,"Apaseo el Grande,Guanajuato"
Michoacán de Ocampo,Apatzingán de la Constitución,"Apatzingán de la Constitución,Michoacán de Ocampo"
Tlaxcala,Apizaco,"Apizaco,Tlaxcala"
Jalisco,Arandas,"Arandas,Jalisco"
Guerrero,Arcelia,"Arcelia,Guerrero"
Chiapas,Arriaga,"Arriaga,Chiapas"
Coahuila de Zaragoza,Arteaga,"Arteaga,Coahuila de Zaragoza"
Aguascalientes,Asientos,"Asientos,Aguascalientes"
Oaxaca,Asunción Nochixtlán,"Asunción Nochixtlán,Oaxaca"
Puebla,Atlixco,"Atlixco,Puebla"
Jalisco,Atotonilco el Alto,"Atotonilco el Alto,Jalisco"
Veracruz de Ignacio de la Llave,Atoyac,"Atoyac,Veracruz de Ignacio de la Llave"
Guerrero,Atoyac de Álvarez,"Atoyac de Álvarez,Guerrero"
Jalisco,Autlán de Navarro,"Autlán de Navarro,Jalisco"
Guerrero,Ayutla de los Libres,"Ayutla de los Libres,Guerrero"
Guerrero,Azoyú,"Azoyú,Guerrero"
Quintana Roo,Bacalar,"Bacalar,Quintana Roo"
Chihuahua,Bachíniva,"Bachíniva,Chihuahua"
Oaxaca,Bahias de Huatulco,"Bahias de Huatulco,Oaxaca"
Veracruz de Ignacio de la Llave,Banderilla,"Banderilla,Veracruz de Ignacio de la Llave"
Veracruz de Ignacio de la Llave,Boca del Río,"Boca del Río,Veracruz de Ignacio de la Llave"
Nayarit,Bucerías,"Bucerías,Nayarit"
Guerrero,Buenavista de Cuéllar,"Buenavista de Cuéllar,Guerrero"
Baja California Sur,Cabo San Lucas,"Cabo San Lucas,Baja California Sur"
Chiapas,Cacahoatán,"Cacahoatán,Chiapas"
Nuevo León,Cadereyta Jiménez,"Cadereyta Jiménez,Nuevo León"
Campeche,Calkini,"Calkini,Campeche"
Tlaxcala,Calpulalpan,"Calpulalpan,Tlaxcala"
Aguascalientes,Calvillo,"Calvillo,Aguascalientes"
Durango,Canatlán,"Canatlán,Durango"
Quintana Roo,Cancún,"Cancún,Quintana Roo"
Campeche,Candelaria,"Candelaria,Campeche"
México,Capulhuac,"Capulhuac,México"
San Luis Potosí,Cárdenas,"Cárdenas,San Luis Potosí"
Tabasco,Cárdenas,"Cárdenas,Tabasco"
Veracruz de Ignacio de la Llave,Carlos A. Carrillo,"Carlos A. Carrillo,Veracruz de Ignacio de la Llave"
Coahuila de Zaragoza,Castaños,"Castaños,Coahuila de Zaragoza"
Veracruz de Ignacio de la Llave,Catemaco,"Catemaco,Veracruz de Ignacio de la Llave"
Veracruz de Ignacio de la Llave,Cazones de Herrera,"Cazones de Herrera,Veracruz de Ignacio de la Llave"
San Luis Potosí,Cedral,"Cedral,San Luis Potosí"
Guanajuato,Celaya,"Celaya,Guanajuato"
San Luis Potosí,Cerritos,"Cerritos,San Luis Potosí"
Veracruz de Ignacio de la Llave,Cerro Azul,"Cerro Azul,Veracruz de Ignacio de la Llave"
Oaxaca,Chahuites,"Chahuites,Oaxaca"
México,Chalco de Díaz Covarrubias,"Chalco de Díaz Covarrubias,México"
Campeche,Champotón,"Champotón,Campeche"
Jalisco,Chapala,"Chapala,Jalisco"
San Luis Potosí,Charcas,"Charcas,San Luis Potosí"
Quintana Roo,Chetumal,"Chetumal,Quintana Roo"
Chiapas,Chiapa de Corzo,"Chiapa de Corzo,Chiapas"
Tlaxcala,Chiautempan,"Chiautempan,Tlaxcala"
México,Chicoloapan de Juárez,"Chicoloapan de Juárez,México"
México,Chiconcuac,"Chiconcuac,México"
Chihuahua,Chihuahua,"Chihuahua,Chihuahua"
Guerrero,Chilapa de Álvarez,"Chilapa de Álvarez,Guerrero"
Guerrero,Chilpancingo de los Bravo,"Chilpancingo de los Bravo,Guerrero"
México,Chimalhuacán,"Chimalhuacán,México"
Sinaloa,Choix,"Choix,Sinaloa"
Nuevo León,Ciénega de Flores,"Ciénega de Flores,Nuevo León"
Jalisco,Cihuatlán,"Cihuatlán,Jalisco"
Chiapas,Cintalapa de Figueroa,"Cintalapa de Figueroa,Chiapas"
Coahuila de Zaragoza,Ciudad Acuña,"Ciudad Acuña,Coahuila de Zaragoza"
México,Ciudad Adolfo López Mateos,"Ciudad Adolfo López Mateos,México"
Guerrero,Ciudad Altamirano,"Ciudad Altamirano,Guerrero"
Guerrero,Ciudad Apaxtla de Castrejón,"Ciudad Apaxtla de Castrejón,Guerrero"
Nuevo León,Ciudad Apodaca,"Ciudad Apodaca,Nuevo León"
Nuevo León,Ciudad Benito Juárez,"Ciudad Benito Juárez,Nuevo León"
Tamaulipas,Ciudad Camargo,"Ciudad Camargo,Tamaulipas"
Baja California Sur,Ciudad Constitución,"Ciudad Constitución,Baja California Sur"
Zacatecas,Ciudad Cuauhtémoc,"Ciudad Cuauhtémoc,Zacatecas"
Colima,Ciudad de Armería,"Ciudad de Armería,Colima"
Colima,Ciudad de Villa de Álvarez,"Ciudad de Villa de Álvarez,Colima"
Campeche,Ciudad del Carmen,"Ciudad del Carmen,Campeche"
San Luis Potosí,Ciudad del Maíz,"Ciudad del Maíz,San Luis Potosí"
Nuevo León,Ciudad General Escobedo,"Ciudad General Escobedo,Nuevo León"
Tamaulipas,Ciudad Gustavo Díaz Ordaz,"Ciudad Gustavo Díaz Ordaz,Tamaulipas"
Jalisco,Ciudad Guzmán,"Ciudad Guzmán,Jalisco"
Michoacán de Ocampo,Ciudad Hidalgo,"Ciudad Hidalgo,Michoacán de Ocampo"
Oaxaca,Ciudad Ixtepec,"Ciudad Ixtepec,Oaxaca"
Michoacán de Ocampo,Ciudad Lázaro Cárdenas,"Ciudad Lázaro Cárdenas,Michoacán de Ocampo"
Durango,Ciudad Lerdo,"Ciudad Lerdo,Durango"
Tamaulipas,Ciudad Madero,"Ciudad Madero,Tamaulipas"
Tamaulipas,Ciudad Mante,"Ciudad Mante,Tamaulipas"
Guanajuato,Ciudad Manuel Doblado,"Ciudad Manuel Doblado,Guanajuato"
Coahuila de Zaragoza,Ciudad Melchor Múzquiz,"Ciudad Melchor Múzquiz,Coahuila de Zaragoza"
Tamaulipas,Ciudad Miguel Alemán,"Ciudad Miguel Alemán,Tamaulipas"
México,Ciudad Nezahualcóyotl,"Ciudad Nezahualcóyotl,México"
México,Ciudad Nicolás Romero,"Ciudad Nicolás Romero,México"
Sonora,Ciudad Obregón,"Ciudad Obregón,Sonora"
Tamaulipas,Ciudad Río Bravo,"Ciudad Río Bravo,Tamaulipas"
Nuevo León,Ciudad Sabinas Hidalgo,"Ciudad Sabinas Hidalgo,Nuevo León"
Nuevo León,Ciudad Santa Catarina,"Ciudad Santa Catarina,Nuevo León"
Puebla,Ciudad Serdán,"Ciudad Serdán,Puebla"
Tamaulipas,Ciudad Tula,"Ciudad Tula,Tamaulipas"
San Luis Potosí,Ciudad Valles,"Ciudad Valles,San Luis Potosí"
Tamaulipas,Ciudad Victoria,"Ciudad Victoria,Tamaulipas"
México,Coacalco de Berriozabal,"Coacalco de Berriozabal,México"
Veracruz de Ignacio de la Llave,Coatepec,"Coatepec,Veracruz de Ignacio de la Llave"
Veracruz de Ignacio de la Llave,Coatzacoalcos,"Coatzacoalcos,Veracruz de Ignacio de la Llave"
Veracruz de Ignacio de la Llave,Coatzintla,"Coatzintla,Veracruz de Ignacio de la Llave"
Jalisco,Cocula,"Cocula,Jalisco"
Colima,Colima,"Colima,Colima"
Chihuahua,Colonia Anáhuac,"Colonia Anáhuac,Chihuahua"
Jalisco,Colotlán,"Colotlán,Jalisco"
Tabasco,Comalcalco,"Comalcalco,Tabasco"
Chiapas,Comitán de Domínguez,"Comitán de Domínguez,Chiapas"
Guanajuato,Comonfort,"Comonfort,Guanajuato"
Nayarit,Compostela,"Compostela,Nayarit"
Guerrero,Copala,"Copala,Guerrero"
Veracruz de Ignacio de la Llave,Córdoba,"Córdoba,Veracruz de Ignacio de la Llave"
Guanajuato,Cortazar,"Cortazar,Guanajuato"
Sinaloa,Cosalá,"Cosalá,Sinaloa"
Veracruz de Ignacio de la Llave,Cosamaloapan,"Cosamaloapan,Veracruz de Ignacio de la Llave"
Aguascalientes,Cosío,"Cosío,Aguascalientes"
Oaxaca,Cosolapa,"Cosolapa,Oaxaca"
Veracruz de Ignacio de la Llave,Cosoleacaque,"Cosoleacaque,Veracruz de Ignacio de la Llave"
Michoacán de Ocampo,Cotija de la Paz,"Cotija de la Paz,Michoacán de Ocampo"
Guerrero,Coyuca de Benítez,"Coyuca de Benítez,Guerrero"
Guerrero,Coyuca de Catalán,"Coyuca de Catalán,Guerrero"
Quintana Roo,Cozumel,"Cozumel,Quintana Roo"
Guerrero,Cruz Grande,"Cruz Grande,Guerrero"
Guerrero,Cuajinicuilapa,"Cuajinicuilapa,Guerrero"
Coahuila de Zaragoza,Cuatro Ciénegas de Carranza,"Cuatro Ciénegas de Carranza,Coahuila de Zaragoza"
Chihuahua,Cuauhtémoc,"Cuauhtémoc,Chihuahua"
México,Cuautitlán,"Cuautitlán,México"
México,Cuautitlán Izcalli,"Cuautitlán Izcalli,México"
Morelos,Cuautla,"Cuautla,Morelos"
Puebla,Cuautlancingo,"Cuautlancingo,Puebla"
Guanajuato,Cuerámaro,"Cuerámaro,Guanajuato"
Morelos,Cuernavaca,"Cuernavaca,Morelos"
Veracruz de Ignacio de la Llave,Cuichapa,"Cuichapa,Veracruz de Ignacio de la Llave"
Oaxaca,Cuilápam de Guerrero,"Cuilápam de Guerrero,Oaxaca"
Veracruz de Ignacio de la Llave,Cuitláhuac,"Cuitláhuac,Veracruz de Ignacio de la Llave"
Michoacán de Ocampo,Cuitzeo del Porvenir,"Cuitzeo del Porvenir,Michoacán de Ocampo"
Sinaloa,Culiacán Rosales,"Culiacán Rosales,Sinaloa"
Tabasco,Cunduacán,"Cunduacán,Tabasco"
Guerrero,Cutzamala de Pinzón,"Cutzamala de Pinzón,Guerrero"
Chihuahua,Delicias,"Delicias,Chihuahua"
Nuevo León,Doctor Arroyo,"Doctor Arroyo,Nuevo León"
Guanajuato,Doctor Mora,"Doctor Mora,Guanajuato"
Guanajuato,Dolores Hidalgo Cuna de la Independencia Nacional,"Dolores Hidalgo Cuna de la Independencia Nacional,Guanajuato"
San Luis Potosí,Ébano,"Ébano,San Luis Potosí"
México,Ecatepec de Morelos,"Ecatepec de Morelos,México"
Oaxaca,El Camarón,"El Camarón,Oaxaca"
Nuevo León,El cercado,"El cercado,Nuevo León"
Jalisco,El Grullo,"El Grullo,Jalisco"
Veracruz de Ignacio de la Llave,El Higo,"El Higo,Veracruz de Ignacio de la Llave"
San Luis Potosí,El Naranjo,"El Naranjo,San Luis Potosí"
Querétaro,El Pueblito,"El Pueblito,Querétaro"
Jalisco,El Quince (San José el Quince),"El Quince (San José el Quince),Jalisco"
Oaxaca,El Rosario,"El Rosario,Oaxaca"
Sinaloa,El Rosario,"El Rosario,Sinaloa"
Durango,El Salto,"El Salto,Durango"
Jalisco,El Salto,"El Salto,Jalisco"
Tabasco,Emiliano Zapata,"Emiliano Zapata,Tabasco"
Sonora,Empalme,"Empalme,Sonora"
Guanajuato,Empalme Escobedo,"Empalme Escobedo,Guanajuato"
Baja California,Ensenada,"Ensenada,Baja California"
Campeche,Escárcega,"Escárcega,Campeche"
Sinaloa,Escuinapa de Hidalgo,"Escuinapa de Hidalgo,Sinaloa"
Tamaulipas,Estación Manuel (Úrsulo Galván),"Estación Manuel (Úrsulo Galván),Tamaulipas"
Sinaloa,Estación Naranjo,"Estación Naranjo,Sinaloa"
Jalisco,Etzatlán,"Etzatlán,Jalisco"
Quintana Roo,Felipe Carrillo Puerto,"Felipe Carrillo Puerto,Quintana Roo"
Veracruz de Ignacio de la Llave,Fortín de las Flores,"Fortín de las Flores,Veracruz de Ignacio de la Llave"
San Luis Potosí,Fracción el Refugio,"Fracción el Refugio,San Luis Potosí"
Durango,Francisco I. Madero,"Francisco I. Madero,Durango"
Coahuila de Zaragoza,Francisco I. Madero (Chávez),"Francisco I. Madero (Chávez),Coahuila de Zaragoza"
Nayarit,Francisco I. Madero (Puga),"Francisco I. Madero (Puga),Nayarit"
Hidalgo,Fray Bernardino de Sahagún (Ciudad Sahagún),"Fray Bernardino de Sahagún (Ciudad Sahagún),Hidalgo"
Zacatecas,Fresnillo,"Fresnillo,Zacatecas"
Coahuila de Zaragoza,Frontera,"Frontera,Coahuila de Zaragoza"
Tabasco,Frontera,"Frontera,Tabasco"
Morelos,Galeana,"Galeana,Morelos"
Nuevo León,García,"García,Nuevo León"
Veracruz de Ignacio de la Llave,General Miguel Alemán (Potrero Nuevo),"General Miguel Alemán (Potrero Nuevo),Veracruz de Ignacio de la Llave"
Durango,Gómez Palacio,"Gómez Palacio,Durango"
Tamaulipas,González,"González,Tamaulipas"
Jalisco,Guadalajara,"Guadalajara,Jalisco"
Nuevo León,Guadalupe,"Guadalupe,Nuevo León"
Zacatecas,Guadalupe,"Guadalupe,Zacatecas"
Sinaloa,Guamúchil,"Guamúchil,Sinaloa"
Guanajuato,Guanajuato,"Guanajuato,Guanajuato"
Sinaloa,Guasave,"Guasave,Sinaloa"
Baja California Sur,Guerrero Negro,"Guerrero Negro,Baja California Sur"
Veracruz de Ignacio de la Llave,Gutiérrez Zamora,"Gutiérrez Zamora,Veracruz de Ignacio de la Llave"
Campeche,Hecelchakán,"Hecelchakán,Campeche"
Sonora,Hermosillo,"Hermosillo,Sonora"
Sonora,Heroica Caborca,"Heroica Caborca,Sonora"
Sonora,Heroica Ciudad de Cananea,"Heroica Ciudad de Cananea,Sonora"
Oaxaca,Heroica Ciudad de Ejutla de Crespo,"Heroica Ciudad de Ejutla de Crespo,Oaxaca"
Oaxaca,Heroica Ciudad de Huajuapan de León,"Heroica Ciudad de Huajuapan de León,Oaxaca"
Oaxaca,Heroica Ciudad de Tlaxiaco,"Heroica Ciudad de Tlaxiaco,Oaxaca"
Sonora,Heroica Guaymas,"Heroica Guaymas,Sonora"
Tamaulipas,Heroica Matamoros,"Heroica Matamoros,Tamaulipas"
Baja California Sur,Heroica Mulegé,"Heroica Mulegé,Baja California Sur"
Sonora,Heroica Nogales,"Heroica Nogales,Sonora"
Puebla,Heroica Puebla de Zaragoza,"Heroica Puebla de Zaragoza,Puebla"
Michoacán de Ocampo,Heróica Zitácuaro,"Heróica Zitácuaro,Michoacán de Ocampo"
Chihuahua,Hidalgo del Parral,"Hidalgo del Parral,Chihuahua"
Sinaloa,Higuera de Zaragoza,"Higuera de Zaragoza,Sinaloa"
Campeche,Hopelchén,"Hopelchén,Campeche"
Nuevo León,Hualahuises,"Hualahuises,Nuevo León"
Tlaxcala,Huamantla,"Huamantla,Tlaxcala"
Guerrero,Huamuxtitlán,"Huamuxtitlán,Guerrero"
Guanajuato,Huanímaro,"Huanímaro,Guanajuato"
Sonora,Huatabampo,"Huatabampo,Sonora"
Veracruz de Ignacio de la Llave,Huatusco de Chicuellar,"Huatusco de Chicuellar,Veracruz de Ignacio de la Llave"
Puebla,Huauchinango,"Huauchinango,Puebla"
Veracruz de Ignacio de la Llave,Huayacocotla,"Huayacocotla,Veracruz de Ignacio de la Llave"
Jalisco,Huejuquilla el Alto,"Huejuquilla el Alto,Jalisco"
Hidalgo,Huejutla de Reyes,"Huejutla de Reyes,Hidalgo"
Michoacán de Ocampo,Huetamo de Núñez,"Huetamo de Núñez,Michoacán de Ocampo"
Veracruz de Ignacio de la Llave,Huiloapan de Cuauhtémoc,"Huiloapan de Cuauhtémoc,Veracruz de Ignacio de la Llave"
Tabasco,Huimanguillo,"Huimanguillo,Tabasco"
Guerrero,Huitzuco,"Huitzuco,Guerrero"
México,Huixquilucan de Degollado,"Huixquilucan de Degollado,México"
Chiapas,Huixtla,"Huixtla,Chiapas"
Guerrero,Iguala de la Independencia,"Iguala de la Independencia,Guerrero"
Guanajuato,Irapuato,"Irapuato,Guanajuato"
Veracruz de Ignacio de la Llave,Isla,"Isla,Veracruz de Ignacio de la Llave"
Quintana Roo,Isla Mujeres,"Isla Mujeres,Quintana Roo"
Hidalgo,Ixmiquilpan,"Ixmiquilpan,Hidalgo"
Veracruz de Ignacio de la Llave,Ixtaczoquitlán,"Ixtaczoquitlán,Veracruz de Ignacio de la Llave"
México,Ixtapaluca,"Ixtapaluca,México"
Nayarit,Ixtlán del Río,"Ixtlán del Río,Nayarit"
Puebla,Izúcar de Matamoros,"Izúcar de Matamoros,Puebla"
Michoacán de Ocampo,Jacona de Plancarte,"Jacona de Plancarte,Michoacán de Ocampo"
Nayarit,Jala,"Jala,Nayarit"
Jalisco,Jalostotitlán,"Jalostotitlán,Jalisco"
Zacatecas,Jalpa,"Jalpa,Zacatecas"
Tabasco,Jalpa de Méndez,"Jalpa de Méndez,Tabasco"
Veracruz de Ignacio de la Llave,Jáltipan de Morelos,"Jáltipan de Morelos,Veracruz de Ignacio de la Llave"
Jalisco,Jamay,"Jamay,Jalisco"
Guanajuato,Jaral del Progreso,"Jaral del Progreso,Guanajuato"
Tamaulipas,Jaumave,"Jaumave,Tamaulipas"
Guanajuato,Jerécuaro,"Jerécuaro,Guanajuato"
Zacatecas,Jerez de García Salinas,"Jerez de García Salinas,Zacatecas"
Aguascalientes,Jesús María ,"Jesús María ,Aguascalientes"
Michoacán de Ocampo,Jiquilpan de Juárez,"Jiquilpan de Juárez,Michoacán de Ocampo"
Chiapas,Jiquipilas,"Jiquipilas,Chiapas"
Morelos,Jiutepec,"Jiutepec,Morelos"
Jalisco,Jocotepec,"Jocotepec,Jalisco"
Morelos,Jojutla,"Jojutla,Morelos"
Veracruz de Ignacio de la Llave,José Cardel,"José Cardel,Veracruz de Ignacio de la Llave"
Chihuahua,José Mariano Jiménez,"José Mariano Jiménez,Chihuahua"
Chihuahua,Juan Aldama,"Juan Aldama,Chihuahua"
Zacatecas,Juan Aldama,"Juan Aldama,Zacatecas"
Veracruz de Ignacio de la Llave,Juan Díaz Covarrubias,"Juan Díaz Covarrubias,Veracruz de Ignacio de la Llave"
Veracruz de Ignacio de la Llave,Juan Rodríguez Clara,"Juan Rodríguez Clara,Veracruz de Ignacio de la Llave"
Chihuahua,Juárez,"Juárez,Chihuahua"
Oaxaca,Juchitán (Juchitán de Zaragoza),"Juchitán (Juchitán de Zaragoza),Oaxaca"
México,Juchitepec de Mariano Rivapalacio,"Juchitepec de Mariano Rivapalacio,México"
Yucatán,Kanasín,"Kanasín,Yucatán"
Quintana Roo,Kantunilkín,"Kantunilkín,Quintana Roo"
Jalisco,La Barca,"La Barca,Jalisco"
Sinaloa,La Cruz,"La Cruz,Sinaloa"
Baja California Sur,La Paz,"La Paz,Baja California Sur"
Nayarit,La Peñita de Jaltemba,"La Peñita de Jaltemba,Nayarit"
Michoacán de Ocampo,La Piedad de Cabadas,"La Piedad de Cabadas,Michoacán de Ocampo"
Jalisco,La Resolana,"La Resolana,Jalisco"
Guerrero,La Unión,"La Unión,Guerrero"
Jalisco,Lagos de Moreno,"Lagos de Moreno,Jalisco"
Oaxaca,Lagunas,"Lagunas,Oaxaca"
Veracruz de Ignacio de la Llave,Las Choapas,"Las Choapas,Veracruz de Ignacio de la Llave"
Michoacán de Ocampo,Las Guacamayas,"Las Guacamayas,Michoacán de Ocampo"
Chiapas,Las Margaritas,"Las Margaritas,Chiapas"
Jalisco,Las Pintitas,"Las Pintitas,Jalisco"
Chiapas,Las Rosas,"Las Rosas,Chiapas"
Nayarit,Las Varas,"Las Varas,Nayarit"
Guanajuato,León de los Aldama,"León de los Aldama,Guanajuato"
Veracruz de Ignacio de la Llave,Lerdo de Tejada,"Lerdo de Tejada,Veracruz de Ignacio de la Llave"
Sinaloa,Licenciado Benito Juárez (Campo Gobierno),"Licenciado Benito Juárez (Campo Gobierno),Sinaloa"
Nuevo León,Linares,"Linares,Nuevo León"
Oaxaca,Loma Bonita,"Loma Bonita,Oaxaca"
Baja California Sur,Loreto,"Loreto,Baja California Sur"
Zacatecas,Loreto,"Loreto,Zacatecas"
Sinaloa,Los Mochis,"Los Mochis,Sinaloa"
México,Los Reyes Acaquilpan (La Paz),"Los Reyes Acaquilpan (La Paz),México"
Michoacán de Ocampo,Los Reyes de Salgado,"Los Reyes de Salgado,Michoacán de Ocampo"
Zacatecas,Luis Moya,"Luis Moya,Zacatecas"
Tabasco,Macuspana,"Macuspana,Tabasco"
Chihuahua,Madera,"Madera,Chihuahua"
Jalisco,Magdalena,"Magdalena,Jalisco"
Sonora,Magdalena de Kino,"Magdalena de Kino,Sonora"
Chihuahua,Manuel Ojinaga,"Manuel Ojinaga,Chihuahua"
Colima,Manzanillo,"Manzanillo,Colima"
Chiapas,Mapastepec,"Mapastepec,Chiapas"
Michoacán de Ocampo,Maravatío de Ocampo,"Maravatío de Ocampo,Michoacán de Ocampo"
Guanajuato,Marfil,"Marfil,Guanajuato"
Oaxaca,Mariscala de Juárez,"Mariscala de Juárez,Oaxaca"
Guerrero,Marquelia,"Marquelia,Guerrero"
Veracruz de Ignacio de la Llave,Martínez de la Torre,"Martínez de la Torre,Veracruz de Ignacio de la Llave"
Coahuila de Zaragoza,Matamoros,"Matamoros,Coahuila de Zaragoza"
San Luis Potosí,Matehuala,"Matehuala,San Luis Potosí"
Oaxaca,Matías Romero Avendaño,"Matías Romero Avendaño,Oaxaca"
Sinaloa,Mazatlán,"Mazatlán,Sinaloa"
México,Melchor Ocampo,"Melchor Ocampo,México"
Yucatán,Mérida,"Mérida,Yucatán"
México,Metepec,"Metepec,México"
Baja California,Mexicali,"Mexicali,Baja California"
Oaxaca,Miahuatlán de Porfirio Díaz,"Miahuatlán de Porfirio Díaz,Oaxaca"
Veracruz de Ignacio de la Llave,Minatitlán,"Minatitlán,Veracruz de Ignacio de la Llave"
Sinaloa,Mocorito,"Mocorito,Sinaloa"
Coahuila de Zaragoza,Monclova,"Monclova,Coahuila de Zaragoza"
Nuevo León,Montemorelos,"Montemorelos,Nuevo León"
Nuevo León,Monterrey,"Monterrey,Nuevo León"
Michoacán de Ocampo,Morelia,"Morelia,Michoacán de Ocampo"
Coahuila de Zaragoza,Morelos,"Morelos,Coahuila de Zaragoza"
Guanajuato,Moroleón,"Moroleón,Guanajuato"
Chiapas,Motozintla de Mendoza,"Motozintla de Mendoza,Chiapas"
Yucatán,Motul de Carrillo Puerto,"Motul de Carrillo Puerto,Yucatán"
Zacatecas,Moyahua de Estrada,"Moyahua de Estrada,Zacatecas"
Coahuila de Zaragoza,Nadadores,"Nadadores,Coahuila de Zaragoza"
Veracruz de Ignacio de la Llave,Naranjos,"Naranjos,Veracruz de Ignacio de la Llave"
Oaxaca,Natividad,"Natividad,Oaxaca"
México,Naucalpan de Juárez,"Naucalpan de Juárez,México"
Coahuila de Zaragoza,Nava,"Nava,Coahuila de Zaragoza"
Sonora,Navojoa,"Navojoa,Sonora"
Sinaloa,Navolato,"Navolato,Sinaloa"
Zacatecas,Nochistlán de Mejía,"Nochistlán de Mejía,Zacatecas"
Veracruz de Ignacio de la Llave,Nogales,"Nogales,Veracruz de Ignacio de la Llave"
Durango,Nombre de Dios,"Nombre de Dios,Durango"
Tamaulipas,Nueva Ciudad Guerrero,"Nueva Ciudad Guerrero,Tamaulipas"
Michoacán de Ocampo,Nueva Italia de Ruiz,"Nueva Italia de Ruiz,Michoacán de Ocampo"
Coahuila de Zaragoza,Nueva Rosita,"Nueva Rosita,Coahuila de Zaragoza"
Chihuahua,Nuevo Casas Grandes,"Nuevo Casas Grandes,Chihuahua"
Tamaulipas,Nuevo Laredo,"Nuevo Laredo,Tamaulipas"
Oaxaca,Oaxaca de Juárez,"Oaxaca de Juárez,Oaxaca"
Chiapas,Ocosingo,"Ocosingo,Chiapas"
Guerrero,Ocotito,"Ocotito,Guerrero"
Jalisco,Ocotlán,"Ocotlán,Jalisco"
Oaxaca,Ocotlán de Morelos,"Ocotlán de Morelos,Oaxaca"
México,Ocoyoacac,"Ocoyoacac,México"
Chiapas,Ocozocoautla de Espinosa,"Ocozocoautla de Espinosa,Chiapas"
Zacatecas,Ojocaliente,"Ojocaliente,Zacatecas"
Guerrero,Olinalá,"Olinalá,Guerrero"
Veracruz de Ignacio de la Llave,Orizaba,"Orizaba,Veracruz de Ignacio de la Llave"
Aguascalientes,Pabellón de Arteaga,"Pabellón de Arteaga,Aguascalientes"
Hidalgo,Pachuca de Soto,"Pachuca de Soto,Hidalgo"
Chiapas,Palenque,"Palenque,Chiapas"
Veracruz de Ignacio de la Llave,Pánuco,"Pánuco,Veracruz de Ignacio de la Llave"
Veracruz de Ignacio de la Llave,Papantla de Olarte,"Papantla de Olarte,Veracruz de Ignacio de la Llave"
Michoacán de Ocampo,Paracho de Verduzco,"Paracho de Verduzco,Michoacán de Ocampo"
Tabasco,Paraíso,"Paraíso,Tabasco"
Veracruz de Ignacio de la Llave,Paraje Nuevo,"Paraje Nuevo,Veracruz de Ignacio de la Llave"
Coahuila de Zaragoza,Parras de la Fuente,"Parras de la Fuente,Coahuila de Zaragoza"
Veracruz de Ignacio de la Llave,Paso de Ovejas,"Paso de Ovejas,Veracruz de Ignacio de la Llave"
Veracruz de Ignacio de la Llave,Paso del Macho,"Paso del Macho,Veracruz de Ignacio de la Llave"
Michoacán de Ocampo,Pátzcuaro,"Pátzcuaro,Michoacán de Ocampo"
Guanajuato,Pénjamo,"Pénjamo,Guanajuato"
Durango,Peñón Blanco,"Peñón Blanco,Durango"
Veracruz de Ignacio de la Llave,Perote,"Perote,Veracruz de Ignacio de la Llave"
Guerrero,Petatlán,"Petatlán,Guerrero"
Chiapas,Pichucalco,"Pichucalco,Chiapas"
Coahuila de Zaragoza,Piedras Negras,"Piedras Negras,Coahuila de Zaragoza"
Chiapas,Pijijiapan,"Pijijiapan,Chiapas"
Veracruz de Ignacio de la Llave,Platón Sánchez,"Platón Sánchez,Veracruz de Ignacio de la Llave"
Quintana Roo,Playa del Carmen,"Playa del Carmen,Quintana Roo"
Veracruz de Ignacio de la Llave,Playa Vicente,"Playa Vicente,Veracruz de Ignacio de la Llave"
Baja California,Playas de Rosarito,"Playas de Rosarito,Baja California"
Campeche,Pomuch,"Pomuch,Campeche"
Jalisco,Poncitlán,"Poncitlán,Jalisco"
Veracruz de Ignacio de la Llave,Poza Rica de Hidalgo,"Poza Rica de Hidalgo,Veracruz de Ignacio de la Llave"
Morelos,Puente de Ixtla,"Puente de Ixtla,Morelos"
Baja California Sur,Puerto Adolfo López Mateos,"Puerto Adolfo López Mateos,Baja California Sur"
Oaxaca,Puerto Escondido,"Puerto Escondido,Oaxaca"
Chiapas,Puerto Madero (San Benito),"Puerto Madero (San Benito),Chiapas"
Sonora,Puerto Peñasco,"Puerto Peñasco,Sonora"
Jalisco,Puerto Vallarta,"Puerto Vallarta,Jalisco"
Guanajuato,Purísima de Bustos,"Purísima de Bustos,Guanajuato"
Michoacán de Ocampo,Puruándiro,"Puruándiro,Michoacán de Ocampo"
Oaxaca,Putla Villa de Guerrero,"Putla Villa de Guerrero,Oaxaca"
Sinaloa,Quilá,"Quilá,Sinaloa"
Coahuila de Zaragoza,Ramos Arizpe,"Ramos Arizpe,Coahuila de Zaragoza"
Chiapas,Reforma,"Reforma,Chiapas"
Tamaulipas,Reynosa,"Reynosa,Tamaulipas"
Aguascalientes,Rincón de Romos,"Rincón de Romos,Aguascalientes"
Guanajuato,Rincón de Tamayo,"Rincón de Tamayo,Guanajuato"
Veracruz de Ignacio de la Llave,Río Blanco,"Río Blanco,Veracruz de Ignacio de la Llave"
Zacatecas,Río Grande,"Río Grande,Zacatecas"
Oaxaca,Río Grande o Piedra Parada,"Río Grande o Piedra Parada,Oaxaca"
San Luis Potosí,Rioverde,"Rioverde,San Luis Potosí"
Baja California,Rodolfo Sánchez Taboada (Maneadero),"Rodolfo Sánchez Taboada (Maneadero),Baja California"
Guanajuato,Romita,"Romita,Guanajuato"
Nayarit,Ruíz,"Ruíz,Nayarit"
Campeche,Sabancuy,"Sabancuy,Campeche"
Coahuila de Zaragoza,Sabinas,"Sabinas,Coahuila de Zaragoza"
Michoacán de Ocampo,Sahuayo de Morelos,"Sahuayo de Morelos,Michoacán de Ocampo"
Guanajuato,Salamanca,"Salamanca,Guanajuato"
Oaxaca,Salina Cruz,"Salina Cruz,Oaxaca"
San Luis Potosí,Salinas de Hidalgo,"Salinas de Hidalgo,San Luis Potosí"
Coahuila de Zaragoza,Saltillo,"Saltillo,Coahuila de Zaragoza"
Guanajuato,Salvatierra,"Salvatierra,Guanajuato"
Puebla,San Andrés Cholula,"San Andrés Cholula,Puebla"
Veracruz de Ignacio de la Llave,San Andrés Tuxtla,"San Andrés Tuxtla,Veracruz de Ignacio de la Llave"
Oaxaca,San Antonio de la Cal,"San Antonio de la Cal,Oaxaca"
Nayarit,San Blas,"San Blas,Nayarit"
Sinaloa,San Blas,"San Blas,Sinaloa"
Oaxaca,San Blas Atempa,"San Blas Atempa,Oaxaca"
Coahuila de Zaragoza,San Buenaventura,"San Buenaventura,Coahuila de Zaragoza"
Chiapas,San Cristóbal de las Casas,"San Cristóbal de las Casas,Chiapas"
Jalisco,San Diego de Alejandría,"San Diego de Alejandría,Jalisco"
Guanajuato,San Diego de la Unión,"San Diego de la Unión,Guanajuato"
Baja California,San Felipe,"San Felipe,Baja California"
Oaxaca,San Felipe Jalapa de Díaz,"San Felipe Jalapa de Díaz,Oaxaca"
Tamaulipas,San Fernando,"San Fernando,Tamaulipas"
Campeche,San Francisco de Campeche,"San Francisco de Campeche,Campeche"
Aguascalientes,San Francisco de los Romo,"San Francisco de los Romo,Aguascalientes"
Guanajuato,San Francisco del Rincón,"San Francisco del Rincón,Guanajuato"
Oaxaca,San Francisco Ixhuatán,"San Francisco Ixhuatán,Oaxaca"
Oaxaca,San Francisco Telixtlahuaca,"San Francisco Telixtlahuaca,Oaxaca"
Baja California Sur,San Ignacio,"San Ignacio,Baja California Sur"
Sinaloa,San Ignacio,"San Ignacio,Sinaloa"
Jalisco,San Ignacio Cerro Gordo,"San Ignacio Cerro Gordo,Jalisco"
Guerrero,San Jerónimo de Juárez,"San Jerónimo de Juárez,Guerrero"
Baja California Sur,San José del Cabo,"San José del Cabo,Baja California Sur"
Jalisco,San José el Verde (El Verde),"San José el Verde (El Verde),Jalisco"
Guanajuato,San José Iturbide,"San José Iturbide,Guanajuato"
Oaxaca,San Juan Bautista Cuicatlán,"San Juan Bautista Cuicatlán,Oaxaca"
Oaxaca,San Juan Bautista Lo de Soto,"San Juan Bautista Lo de Soto,Oaxaca"
Oaxaca,San Juan Bautista Tuxtepec,"San Juan Bautista Tuxtepec,Oaxaca"
Oaxaca,San Juan Bautista Valle Nacional,"San Juan Bautista Valle Nacional,Oaxaca"
Oaxaca,San Juan Cacahuatepec,"San Juan Cacahuatepec,Oaxaca"
Jalisco,San Juan de los Lagos,"San Juan de los Lagos,Jalisco"
Querétaro,San Juan del Rio,"San Juan del Rio,Querétaro"
Durango,San Juan del Río del Centauro del Norte,"San Juan del Río del Centauro del Norte,Durango"
Jalisco,San Julián,"San Julián,Jalisco"
Guerrero,San Luis Acatlán,"San Luis Acatlán,Guerrero"
Guerrero,San Luis de la Loma,"San Luis de la Loma,Guerrero"
Guanajuato,San Luis de la Paz,"San Luis de la Paz,Guanajuato"
San Luis Potosí,San Luis Potosí,"San Luis Potosí,San Luis Potosí"
Sonora,San Luis Río Colorado,"San Luis Río Colorado,Sonora"
Guerrero,San Luis San Pedro,"San Luis San Pedro,Guerrero"
Guerrero,San Marcos,"San Marcos,Guerrero"
Puebla,San Martín Texmelucan de Labastida,"San Martín Texmelucan de Labastida,Puebla"
México,San Mateo Atenco,"San Mateo Atenco,México"
Guanajuato,San Miguel de Allende,"San Miguel de Allende,Guanajuato"
Jalisco,San Miguel el Alto,"San Miguel el Alto,Jalisco"
Oaxaca,San Miguel el Grande,"San Miguel el Grande,Oaxaca"
Hidalgo,San Miguel Vindho,"San Miguel Vindho,Hidalgo"
Nuevo León,San Nicolás de los Garza,"San Nicolás de los Garza,Nuevo León"
Oaxaca,San Pablo Huitzo,"San Pablo Huitzo,Oaxaca"
Oaxaca,San Pablo Villa de Mitla,"San Pablo Villa de Mitla,Oaxaca"
Coahuila de Zaragoza,San Pedro,"San Pedro,Coahuila de Zaragoza"
Puebla,San Pedro Cholula,"San Pedro Cholula,Puebla"
Nuevo León,San Pedro Garza García,"San Pedro Garza García,Nuevo León"
Nayarit,San Pedro Lagunillas,"San Pedro Lagunillas,Nayarit"
Oaxaca,San Pedro Mixtepec Distrito 22,"San Pedro Mixtepec Distrito 22,Oaxaca"
Oaxaca,San Pedro Pochutla,"San Pedro Pochutla,Oaxaca"
Oaxaca,San Pedro Tapanatepec,"San Pedro Tapanatepec,Oaxaca"
Oaxaca,San Pedro Totolápam,"San Pedro Totolápam,Oaxaca"
Veracruz de Ignacio de la Llave,San Rafael,"San Rafael,Veracruz de Ignacio de la Llave"
Oaxaca,San Sebastián Tecomaxtlahuaca,"San Sebastián Tecomaxtlahuaca,Oaxaca"
Oaxaca,Santa Cruz Itundujia,"Santa Cruz Itundujia,Oaxaca"
Guanajuato,Santa Cruz Juventino Rosas,"Santa Cruz Juventino Rosas,Guanajuato"
Oaxaca,Santa Lucía del Camino,"Santa Lucía del Camino,Oaxaca"
Durango,Santa María del Oro,"Santa María del Oro,Durango"
San Luis Potosí,Santa María del Río,"Santa María del Río,San Luis Potosí"
Oaxaca,Santa María Huatulco,"Santa María Huatulco,Oaxaca"
México,Santa Maria Tultepec,"Santa Maria Tultepec,México"
Morelos,Santa Rosa Treinta,"Santa Rosa Treinta,Morelos"
Baja California Sur,Santa Rosalía,"Santa Rosalía,Baja California Sur"
Chihuahua,Santa Rosalía de Camargo,"Santa Rosalía de Camargo,Chihuahua"
Nuevo León,Santiago,"Santiago,Nuevo León"
Querétaro,Santiago de Querétaro,"Santiago de Querétaro,Querétaro"
Nayarit,Santiago Ixcuintla,"Santiago Ixcuintla,Nayarit"
Oaxaca,Santiago Jamiltepec,"Santiago Jamiltepec,Oaxaca"
Oaxaca,Santiago Juxtlahuaca,"Santiago Juxtlahuaca,Oaxaca"
Guanajuato,Santiago Maravatío,"Santiago Maravatío,Guanajuato"
Durango,Santiago Papasquiaro,"Santiago Papasquiaro,Durango"
Oaxaca,Santiago Pinotepa Nacional,"Santiago Pinotepa Nacional,Oaxaca"
Oaxaca,Santiago Suchilquitongo,"Santiago Suchilquitongo,Oaxaca"
Hidalgo,Santiago Tulantepec,"Santiago Tulantepec,Hidalgo"
Veracruz de Ignacio de la Llave,Santiago Tuxtla,"Santiago Tuxtla,Veracruz de Ignacio de la Llave"
Oaxaca,Santo Domingo Tehuantepec,"Santo Domingo Tehuantepec,Oaxaca"
Chihuahua,Saucillo,"Saucillo,Chihuahua"
Jalisco,Sayula,"Sayula,Jalisco"
Veracruz de Ignacio de la Llave,Sihuapan,"Sihuapan,Veracruz de Ignacio de la Llave"
Guanajuato,Silao,"Silao,Guanajuato"
Sinaloa,Sinaloa de Leyva,"Sinaloa de Leyva,Sinaloa"
Veracruz de Ignacio de la Llave,Soledad de Doblado,"Soledad de Doblado,Veracruz de Ignacio de la Llave"
San Luis Potosí,Soledad de Graciano Sánchez,"Soledad de Graciano Sánchez,San Luis Potosí"
Zacatecas,Sombrerete,"Sombrerete,Zacatecas"
Sonora,Sonoyta,"Sonoyta,Sonora"
Tamaulipas,Soto la Marina,"Soto la Marina,Tamaulipas"
Michoacán de Ocampo,Tacámbaro de Codallos,"Tacámbaro de Codallos,Michoacán de Ocampo"
Jalisco,Tala,"Tala,Jalisco"
Jalisco,Talpa de Allende,"Talpa de Allende,Jalisco"
San Luis Potosí,Tamasopo,"Tamasopo,San Luis Potosí"
Jalisco,Tamazula de Gordiano,"Tamazula de Gordiano,Jalisco"
San Luis Potosí,Tamazunchale,"Tamazunchale,San Luis Potosí"
Tamaulipas,Tampico,"Tampico,Tamaulipas"
Veracruz de Ignacio de la Llave,Tampico Alto,"Tampico Alto,Veracruz de Ignacio de la Llave"
San Luis Potosí,Tamuín,"Tamuín,San Luis Potosí"
Michoacán de Ocampo,Tangancícuaro de Arista,"Tangancícuaro de Arista,Michoacán de Ocampo"
Veracruz de Ignacio de la Llave,Tantoyuca,"Tantoyuca,Veracruz de Ignacio de la Llave"
Chiapas,Tapachula de Córdova y Ordóñez,"Tapachula de Córdova y Ordóñez,Chiapas"
Guanajuato,Tarandacuao,"Tarandacuao,Guanajuato"
Guerrero,Taxco de Alarcón,"Taxco de Alarcón,Guerrero"
Tabasco,Teapa,"Teapa,Tabasco"
Jalisco,Tecalitlán,"Tecalitlán,Jalisco"
México,Tecámac de Felipe Villanueva,"Tecámac de Felipe Villanueva,México"
Puebla,Tecamachalco,"Tecamachalco,Puebla"
Baja California,Tecate,"Tecate,Baja California"
Colima,Tecomán,"Tecomán,Colima"
Guerrero,Técpan de Galeana,"Técpan de Galeana,Guerrero"
Nayarit,Tecuala,"Tecuala,Nayarit"
Puebla,Tehuacán,"Tehuacán,Puebla"
México,Tejupilco de Hidalgo,"Tejupilco de Hidalgo,México"
Guerrero,Teloloapan,"Teloloapan,Guerrero"
Morelos,Temixco,"Temixco,Morelos"
Veracruz de Ignacio de la Llave,Tempoal de Sánchez,"Tempoal de Sánchez,Veracruz de Ignacio de la Llave"
Tabasco,Tenosique de Pino Suárez,"Tenosique de Pino Suárez,Tabasco"
Jalisco,Teocaltiche,"Teocaltiche,Jalisco"
Oaxaca,Teotitlán de Flores Magón,"Teotitlán de Flores Magón,Oaxaca"
Jalisco,Tepatitlán de Morelos,"Tepatitlán de Morelos,Jalisco"
Puebla,Tepeaca,"Tepeaca,Puebla"
Hidalgo,Tepeapulco,"Tepeapulco,Hidalgo"
Hidalgo,Tepeji del Río de Ocampo,"Tepeji del Río de Ocampo,Hidalgo"
Aguascalientes,Tepezalá,"Tepezalá,Aguascalientes"
Nayarit,Tepic,"Tepic,Nayarit"
México,Tepotzotlán,"Tepotzotlán,México"
Jalisco,Tequila,"Tequila,Jalisco"
México,Tequixquiac,"Tequixquiac,México"
México,Texcoco de Mora,"Texcoco de Mora,México"
Puebla,Teziutlán,"Teziutlán,Puebla"
Veracruz de Ignacio de la Llave,Tezonapa,"Tezonapa,Veracruz de Ignacio de la Llave"
Yucatán,Ticul,"Ticul,Yucatán"
Veracruz de Ignacio de la Llave,Tierra Blanca,"Tierra Blanca,Veracruz de Ignacio de la Llave"
Guerrero,Tierra Colorada,"Tierra Colorada,Guerrero"
San Luis Potosí,Tierra Nueva,"Tierra Nueva,San Luis Potosí"
Veracruz de Ignacio de la Llave,Tihuatlán,"Tihuatlán,Veracruz de Ignacio de la Llave"
Baja California,Tijuana,"Tijuana,Baja California"
Guerrero,Tixtla de Guerrero,"Tixtla de Guerrero,Guerrero"
Hidalgo,Tizayuca,"Tizayuca,Hidalgo"
Yucatán,Tizimín,"Tizimín,Yucatán"
Veracruz de Ignacio de la Llave,Tlacojalpan,"Tlacojalpan,Veracruz de Ignacio de la Llave"
Oaxaca,Tlacolula de Matamoros,"Tlacolula de Matamoros,Oaxaca"
Jalisco,Tlajomulco de Zúñiga,"Tlajomulco de Zúñiga,Jalisco"
México,Tlalnepantla de Baz,"Tlalnepantla de Baz,México"
Guerrero,Tlapa de Comonfort,"Tlapa de Comonfort,Guerrero"
Veracruz de Ignacio de la Llave,Tlapacoyan,"Tlapacoyan,Veracruz de Ignacio de la Llave"
Guerrero,Tlapehuala,"Tlapehuala,Guerrero"
Jalisco,Tlaquepaque,"Tlaquepaque,Jalisco"
Morelos,Tlaquiltenango,"Tlaquiltenango,Morelos"
Tlaxcala,Tlaxcala de Xicohténcatl,"Tlaxcala de Xicohténcatl,Tlaxcala"
Hidalgo,Tlaxcoapan,"Tlaxcoapan,Hidalgo"
Baja California Sur,Todos Santos,"Todos Santos,Baja California Sur"
México,Toluca de Lerdo,"Toluca de Lerdo,México"
Chiapas,Tonalá,"Tonalá,Chiapas"
Jalisco,Tonalá,"Tonalá,Jalisco"
Sinaloa,Topolobampo,"Topolobampo,Sinaloa"
Coahuila de Zaragoza,Torreón,"Torreón,Coahuila de Zaragoza"
Jalisco,Tototlán,"Tototlán,Jalisco"
Veracruz de Ignacio de la Llave,Tres Valles,"Tres Valles,Veracruz de Ignacio de la Llave"
Hidalgo,Tula de Allende,"Tula de Allende,Hidalgo"
Hidalgo,Tulancingo,"Tulancingo,Hidalgo"
México,Tultitlán de Mariano Escobedo,"Tultitlán de Mariano Escobedo,México"
Veracruz de Ignacio de la Llave,Túxpam de Rodríguez Cano,"Túxpam de Rodríguez Cano,Veracruz de Ignacio de la Llave"
Jalisco,Tuxpan,"Tuxpan,Jalisco"
Michoacán de Ocampo,Tuxpan,"Tuxpan,Michoacán de Ocampo"
Nayarit,Tuxpan,"Tuxpan,Nayarit"
Chiapas,Tuxtla Gutiérrez,"Tuxtla Gutiérrez,Chiapas"
Jalisco,Unión de San Antonio,"Unión de San Antonio,Jalisco"
Oaxaca,Unión Hidalgo,"Unión Hidalgo,Oaxaca"
Guanajuato,Uriangato,"Uriangato,Guanajuato"
Michoacán de Ocampo,Uruapan,"Uruapan,Michoacán de Ocampo"
Yucatán,Valladolid,"Valladolid,Yucatán"
México,Valle de Chalco Solidaridad,"Valle de Chalco Solidaridad,México"
Jalisco,Valle de Guadalupe,"Valle de Guadalupe,Jalisco"
Guanajuato,Valle de Santiago,"Valle de Santiago,Guanajuato"
Tamaulipas,Valle Hermoso,"Valle Hermoso,Tamaulipas"
Zacatecas,Valparaíso,"Valparaíso,Zacatecas"
Chiapas,Venustiano Carranza,"Venustiano Carranza,Chiapas"
Veracruz de Ignacio de la Llave,Veracruz,"Veracruz,Veracruz de Ignacio de la Llave"
Oaxaca,Vicente Camalote,"Vicente Camalote,Oaxaca"
Durango,Vicente Guerrero,"Vicente Guerrero,Durango"
Zacatecas,Víctor Rosales,"Víctor Rosales,Zacatecas"
Durango,Victoria de Durango,"Victoria de Durango,Durango"
Coahuila de Zaragoza,Viesca,"Viesca,Coahuila de Zaragoza"
Baja California Sur,Villa Alberto Andrés Alvarado Arámburo,"Villa Alberto Andrés Alvarado Arámburo,Baja California Sur"
Jalisco,Villa Corona,"Villa Corona,Jalisco"
Zacatecas,Villa de Cos,"Villa de Cos,Zacatecas"
San Luis Potosí,Villa de Reyes,"Villa de Reyes,San Luis Potosí"
Oaxaca,Villa de Tamazulápam del Progreso,"Villa de Tamazulápam del Progreso,Oaxaca"
Oaxaca,Villa de Zaachila,"Villa de Zaachila,Oaxaca"
Jalisco,Villa Hidalgo,"Villa Hidalgo,Jalisco"
Zacatecas,Villa Hidalgo,"Villa Hidalgo,Zacatecas"
Nayarit,Villa Hidalgo (El Nuevo),"Villa Hidalgo (El Nuevo),Nayarit"
Jalisco,Villa Purificación,"Villa Purificación,Jalisco"
Oaxaca,Villa Sola de Vega,"Villa Sola de Vega,Oaxaca"
Sinaloa,Villa Unión,"Villa Unión,Sinaloa"
Tlaxcala,Villa Vicente Guerrero,"Villa Vicente Guerrero,Tlaxcala"
Chiapas,Villaflores,"Villaflores,Chiapas"
Guanajuato,Villagrán,"Villagrán,Guanajuato"
Tabasco,Villahermosa,"Villahermosa,Tabasco"
Zacatecas,Villanueva,"Villanueva,Zacatecas"
Veracruz de Ignacio de la Llave,Xalapa-Enríquez,"Xalapa-Enríquez,Veracruz de Ignacio de la Llave"
Nayarit,Xalisco,"Xalisco,Nayarit"
Tamaulipas,Xicoténcatl,"Xicoténcatl,Tamaulipas"
Puebla,Xicotepec,"Xicotepec,Puebla"
México,Xonacatlán,"Xonacatlán,México"
Jalisco,Yahualica de González Gallo,"Yahualica de González Gallo,Jalisco"
Morelos,Yautepec de Zaragoza,"Yautepec de Zaragoza,Morelos"
Veracruz de Ignacio de la Llave,Yecuatla,"Yecuatla,Veracruz de Ignacio de la Llave"
Michoacán de Ocampo,Yurécuaro,"Yurécuaro,Michoacán de Ocampo"
Guanajuato,Yuriria,"Yuriria,Guanajuato"
Michoacán de Ocampo,Zacapu,"Zacapu,Michoacán de Ocampo"
Zacatecas,Zacatecas,"Zacatecas,Zacatecas"
Morelos,Zacatepec de Hidalgo,"Zacatepec de Hidalgo,Morelos"
Puebla,Zacatlán,"Zacatlán,Puebla"
Jalisco,Zacoalco de Torres,"Zacoalco de Torres,Jalisco"
Michoacán de Ocampo,Zamora de Hidalgo,"Zamora de Hidalgo,Michoacán de Ocampo"
Jalisco,Zapopan,"Zapopan,Jalisco"
Jalisco,Zapotiltic,"Zapotiltic,Jalisco"
Coahuila de Zaragoza,Zaragoza,"Zaragoza,Coahuila de Zaragoza"
Guerrero,Zihuatanejo,"Zihuatanejo,Guerrero"
Hidalgo,Zimapán,"Zimapán,Hidalgo"
Oaxaca,Zimatlán de Álvarez,"Zimatlán de Álvarez,Oaxaca"
Michoacán de Ocampo,Zinapécuaro de Figueroa,"Zinapécuaro de Figueroa,Michoacán de Ocampo"
México,Zumpango,"Zumpango,México"
Guerrero,Zumpango del Río,"Zumpango del Río,Guerrero"
